,8376,10011,8500,5546,7220,11744,11432,11355,10065,4473,6865,11233,10211,11849,11075,4689,6149,3573,1338,8065,6286,4360,8468,7865,8971,4460,5812,6131,87107,11284,9016,82562,9620,6615,4834,3986,11436,7038,4518,4239,11600,6478,5624,9517,86921,6410,8357,7633,11754,11730,5376
8376,0.0,48446.27240474795,4031.05363186368,33442.58285263156,55832.30730931162,23377.919598465833,15794.317683937867,16906.877503843993,17855.002609288113,36011.176973398695,17560.593765919446,43716.23868187263,21987.033937606193,26238.483190316136,21505.84761865044,42667.30078866973,17811.404356113784,64740.99235171285,89474.58105677855,72404.48488915547,14435.476164181884,34771.602126596925,3715.178055591195,12872.630196698114,4811.785714951291,42353.0122829554,25305.58669790855,18551.581959321324,27651.135444560743,44501.033581089796,14450.416852757156,33066.6560476637,8561.003514053084,9576.539126535572,46224.68378802313,35612.57084747453,62210.069787124405,18108.156859446455,23095.536081374554,26427.776868795274,15724.154642677275,26658.311988977563,15919.297322500855,19391.006415742842,17349.26821504538,10656.612811559758,12962.461325312088,7641.06209782533,26002.089093084913,61456.855388777345,17747.92500370334
10011,46979.52836892274,0.0,50636.65477708005,26887.32424720951,22130.48388366597,34348.650847835685,47789.72969268319,50905.3015310884,31354.935767954117,38385.648357129634,39491.676846046554,10242.919793424193,26531.077619122854,29271.29520398186,30332.366144511296,31418.532021091643,45634.30757171779,38029.31416427948,63153.247040744056,32157.001804164174,46317.73450446743,40770.01793887856,45007.35025808387,37450.52322201266,41227.93061928549,34685.698379986155,36124.78733531393,44894.12996851026,53674.622752747055,9262.735545765365,34340.75648676901,20764.614252400337,55194.463541529134,56046.03530103254,26074.909562623183,46702.77239829297,15838.206426692777,37570.920464861905,61286.63274160035,52326.620910442376,39952.78186420134,29623.73458176995,56812.182170602486,28395.936273342282,37526.360334112236,51549.49765966139,36035.435634328045,44316.963757983314,29038.104080795052,15084.992028345712,50885.29562096844
8500,4031.0536318636796,52103.39881290527,0.0,35627.050857570954,58016.77531425101,25317.684735701285,15593.831539179877,13841.92671775505,21512.129017445433,36664.109690550074,19745.061770858847,47373.36509002995,25644.160345763514,29895.609598473457,25162.97402680777,43320.23350582112,18464.337073265164,66925.46035665224,90127.51377392994,76061.6112973128,15088.408881333266,35424.534843748304,5899.646060530597,15057.098201637516,7960.696230563423,43005.94500010678,26312.017865826292,19204.514676472703,28304.068161712123,48158.15998924711,16634.884857696557,36723.78245582101,5496.05272796414,10385.552336033712,48409.151792962526,36265.50356462591,65867.19619528172,20292.624864385856,23748.468798525937,27080.709585946657,17604.325119209272,28842.77999391696,16572.230039652237,23048.132823900163,20230.632451809863,11309.545528711142,15146.92933025149,9825.530102764731,29659.215501242234,65113.98179693466,18400.857720854725
5546,33442.58285263155,26887.324247209515,35627.05085757095,0.0,31009.795754746727,39389.324383224404,48390.82879531769,52381.30341885869,31871.204498717354,12870.223712482408,17255.18237436975,28110.87813927566,28303.4155236737,34860.04527602785,34403.85511107357,8445.222249591036,19516.903048511,29547.66225017836,58530.53869532625,44011.550922411625,22963.31760591277,15254.593294231336,31279.55008869458,22160.34365167091,31983.986779069324,11712.388608485546,12555.283466693028,18776.725445303466,28159.19810809983,27130.693891616833,29045.521136505464,26927.31918163735,41123.10358553509,33455.216903485016,13301.546645661881,20865.51010719368,41970.94697375756,17802.745467896755,34106.62134708566,26811.196265795144,43140.45868124276,6784.270863653997,30981.638375227616,25197.76969994581,40958.72750588069,28550.699884394187,24237.64383392944,27199.256545703345,34626.85415284105,41217.7325754105,24336.925945941675
7220,55832.307309311625,22098.904019772588,58016.77531425102,31009.795754746727,0.0,54236.03985163714,64896.185901828125,70339.87938793149,47627.903349127286,41421.84929670039,46146.72948227073,32529.1675915912,44112.7418309515,50669.371583305656,50213.18141835138,34454.7329606624,47208.87842466912,28658.24259014222,46477.660457967715,18293.856257855616,52972.78714069161,43806.21887844932,53669.27454537465,45214.874250686364,56325.55225582253,37721.89931955691,40247.258842851144,46468.700821461585,56710.82369231781,31548.98334393237,49438.37812330604,42736.64548891516,63512.828042215166,63426.15583820351,27588.99772113403,49738.973337863725,14899.011778041,44225.97310108609,62658.24693130365,55362.82185001313,59645.81578775319,33421.22950293962,58673.61375138571,43493.55790987931,57008.80173596273,58929.61819683236,44129.7015704808,51697.08429515428,50436.180460118856,15894.27042309662,52028.90132209978
11744,23377.91959846584,34348.65084783569,25317.68473570128,38426.713544359336,54324.67736716487,0.0,17901.574211805317,21935.438701599905,7994.695266515918,42325.71604806297,22555.68723186894,29712.11090967995,11782.037163824507,5709.323338781945,4121.792872714296,45587.868950853044,26197.24155971431,67495.20706954967,96118.31465525542,64351.195287663075,23801.082114366767,41086.1412012612,21405.74148762697,18028.03577827231,17626.321848828597,45495.07287992915,30300.680163858044,24843.70166955382,38271.85367172519,30496.905808897114,10713.801307272739,15460.272839881576,27461.55237103997,32444.426530575663,48978.89850585995,43381.461202797174,47229.63230180696,22348.493311622173,40386.81215901931,37048.49509595972,8269.787659447873,30953.280296793557,33210.57340014561,13278.552112106921,4944.605165276395,27947.88888920451,15521.678609848763,20715.35498752643,5942.514461968748,46476.4179034599,28368.643230867783
11432,15794.317683937863,47789.72969268318,15593.831539179875,48492.80149145536,64984.823417355874,17901.574211805317,0.0,5408.552169177009,18654.841316706916,50704.324553405575,33215.833282059924,43153.18975452745,22698.549191720045,23376.09381193529,19907.964612095282,55653.956897949065,32504.55193612067,76148.64096798032,105131.51741312823,75011.34133785407,29128.623744188768,49464.749706603805,19630.532900972226,28688.181828463305,16066.92512106469,55561.16082702517,40960.82621404903,33244.72953932821,42344.28302456764,43937.984653744614,21373.947357463738,32503.60712031852,9966.089159718129,23039.948934511696,57632.33240429062,50305.71842748143,60670.711146654445,31545.38511577306,37788.68366138145,41120.924448802165,9464.661016615439,40125.66867841945,30612.44490250774,23938.698162297922,12956.969046528919,25349.760391566644,26181.824660039758,23556.416943206357,23609.28493512209,59917.496748307385,32441.072583710225
11355,16906.877503843996,50905.30153108838,13841.92671775505,52419.239731056135,70251.77202729428,21935.43870159991,5408.55216917701,0.0,21770.413155112117,50506.03640830513,33586.98848861389,46268.76159293265,25814.121030125247,27409.958301729883,23941.82910188987,59580.395137549844,32306.263791020217,80075.0792075811,103969.44049168499,80278.28994779248,28930.335599088314,49266.46156150336,19741.57277828565,28899.024919392563,18298.14685274835,59487.599066625946,43401.86284432521,33046.44139422776,42145.99487946719,47053.556492149815,24681.649732596663,35619.178958723714,9318.614044028502,22392.473818822065,61558.77064389139,50107.43028238098,63786.282985059646,35471.82335537384,37590.395516280994,40922.636303701714,13498.52550641003,44052.10691802024,30414.156757407287,27057.62367737248,16990.833536323513,25151.47224646619,29489.527035172683,23667.45682051978,27643.149424916683,63033.06858671259,32242.78443860977
10065,17855.002609288113,31354.935767954124,21512.129017445433,31614.22465710624,47716.54086465503,7994.695266515918,18654.841316706912,21770.413155112117,0.0,34331.02078154704,14560.991965353016,26718.395829798385,6263.755266990979,9240.640338241887,3971.8368332301625,38775.380063599936,20703.62269102425,59270.06413363121,89510.17815274558,57743.05878515323,18303.51153422842,33091.44593474527,15882.824498449243,10033.34051175639,12103.40485965087,38682.583992676045,22305.984897342125,19963.445087816715,32774.28309158683,27503.19072901555,5216.230727134395,16068.81319558945,19449.746999949206,26921.509541397936,40753.755569941495,35386.76593628125,44235.917221925396,14353.798045106247,34863.895169841584,31550.924515821363,13404.471202631992,22958.585030277634,27687.65641096788,5283.856845591002,10767.457150841525,22424.971900026783,8618.25292407178,15192.437998348702,9004.246241010664,43482.70282357834,22871.072650729435
4473,36011.176973398695,38385.648357129634,36664.10969055007,12870.223712482406,41421.84929670039,42325.71604806297,50704.32455340557,50506.03640830511,34331.020781547035,0.0,19770.02881619403,39609.202249195776,36318.66860112569,42714.501362575065,38302.8576147772,7914.670408035504,18783.24173868919,28317.193784049923,54583.09965875505,53912.47783395654,21463.244249569216,2176.298087457636,34543.61795049912,26048.383381152824,35872.02650855124,5642.0359012668,16514.468917817983,18043.06413548165,15890.461348550913,38629.01800153695,32287.181484265246,34942.57225908935,42160.162418514214,31642.676057544573,19629.835801413305,7706.658855514859,53469.271083677675,21690.785197378675,23810.041871479167,16461.002214891076,47735.49198417901,14799.523941105994,24907.964398981294,32205.239763981102,45098.47793238854,26738.15903845374,27479.304181689222,31015.612800363666,42478.10726534384,52716.056685330615,18263.251969695353
6865,17560.593765919442,39908.62634782406,19745.061770858843,17255.182374369746,46146.72948227073,22555.68723186893,33215.83328205993,33586.98848861388,14560.991965353018,19770.028816194033,0.0,37844.62858037406,18693.023293671096,22944.472546381043,18532.82879858318,26426.15263146507,6142.630725671234,44700.20046826024,73345.74398633714,59148.48464993563,7977.33967380949,18530.453969392263,15397.561001982473,6278.354564958797,16101.99769235721,26111.864125750748,7744.992931989107,5402.453122463698,20761.118735646312,38629.42347959123,12517.152668071223,27792.617108728486,25241.114498822983,20080.94458064525,26183.891904570526,20825.773970928236,53672.42373020051,1920.7563811846444,22858.495981789045,20353.442430206163,27965.46316798501,10470.911510715749,17492.742862127714,12435.210947787073,25328.44911619454,15176.427561554414,7709.2753654952,11317.267458991237,22708.07844914982,52919.20933185345,12457.158861157142
11233,43716.23868187265,10242.919793424195,47373.36509002996,28110.878139275657,32517.503738877225,29712.11090967995,43153.189754527455,46268.76159293266,26718.395829798385,39609.202249195776,37844.628580374054,0.0,21894.53768096712,24634.755265826127,25695.826206355563,32642.08591315779,43987.25930604529,45677.33027251913,72636.29632638418,42544.02165937544,44670.68623879493,41993.571830944704,41744.06057103378,35854.917458460215,37964.6409322354,35909.2522720523,38876.18561419966,43247.08170283776,54898.1766448132,3343.197191809454,31077.46679971892,13164.60292654272,45898.76109167989,52782.74561398245,27161.021708829416,47926.32629035911,23123.901247395468,35923.87219918941,59639.58447592785,55974.06814602978,35316.2419260456,30244.91639455707,53548.892483552394,27586.50309404771,32889.82039595651,48286.2079726113,34439.8298707756,41053.67407093322,24401.56414263932,22370.686849048398,49238.24735529594
10211,21987.033937606193,26531.077619122858,25644.160345763514,28303.4155236737,44201.37934647924,11782.037163824505,22698.54919172004,25814.12103012525,6263.75526699098,36318.66860112569,18693.0232936711,21894.537680967118,0.0,7194.163118320285,7765.752460500117,35464.5709301674,24835.654019342328,57371.909048864036,85995.01663456978,54227.897266977445,22435.542862546503,37223.47726306335,20014.85582676733,14165.371840074473,16235.43618796895,35371.7748592435,24045.859841265246,24095.476416134792,36906.31441990491,22679.332580184284,9348.262055452475,11244.955046758187,25444.120528872478,31053.540869716016,38855.60048517432,39518.79726459933,39412.059073094126,16115.82035231388,38995.92649815966,35682.95584413944,17448.179077645123,22596.517798253426,31819.687739285957,7656.362954709817,14959.74665010106,26557.00322834486,12750.284252389863,19324.469326666782,6960.971995133482,38658.844674747066,27003.10397904752
11849,26238.483190316147,29271.295203981867,29895.609598473467,34860.04527602785,50758.00909883338,5709.323338781944,23376.09381193529,27409.95830172988,9240.640338241888,42714.50136257509,22944.47254638105,24634.755265826127,7194.163118320286,0.0,4752.818501510391,42021.20068252156,29087.103272052278,64705.7056830768,92551.64638692394,60784.52701933159,26686.99211525645,41474.92651577332,24266.30507947728,18416.821092784423,20486.885440678903,41928.40461159766,28297.3090939752,28346.925668844742,41157.76367261487,25419.550165043293,13599.711308162425,10037.871914537138,28421.005600123393,35304.99012242597,46189.39711938708,43770.24651730929,42152.27665795313,20367.26960502383,43247.37575086961,39934.4050968494,13744.307259577849,28947.55316767023,36071.13699199591,11483.272254156,10419.124765406368,30808.452481054814,17001.73350509981,23575.918579376736,233.19112318680374,41399.06225960607,31254.553231757465
11075,21505.84761865044,30332.366144511292,25162.974026807762,34403.85511107358,50301.81893387912,4121.792872714296,19907.96461209528,23941.829101889864,3971.836833230163,38302.85761477721,18532.82879858318,25695.826206355556,7765.752460500117,4752.818501510391,0.0,41565.01051756729,24675.45952425441,63472.34863626392,92095.4562219697,60328.336854377325,21954.356543590748,37063.28276797544,19533.669507811574,14005.177344986556,15754.2498690132,41472.21444664339,26277.821730572286,23935.281921046873,36425.128100949165,26480.62110557272,8867.075736496723,11593.737055356884,22901.37017424621,30572.35455076026,44956.04007257421,39358.60276951142,43213.347598482556,18325.63487833641,38514.740179203916,35201.76952518369,11855.394285868844,26930.4218635078,31338.501420330205,9255.693678821164,9428.972755779745,26075.81690938911,12590.089757301947,18843.28300771103,4516.424404279168,42460.1332001355,26521.917660091764
4689,42667.30078866973,31418.532021091643,43320.2335058211,8445.222249591036,34454.732960662404,46550.47978971811,55551.9842018114,59542.4588253524,39032.35990521105,7914.670408035503,26426.15263146507,32642.08591315779,35464.5709301674,42021.20068252156,41565.01051756729,0.0,25439.36555396023,23571.461704479574,51600.069645918215,46945.36149791855,28119.368064840255,11470.625231091695,41199.74176577016,29321.49905816462,39145.14218556304,3797.5824618439956,19716.438873186737,24699.187950752694,24844.287676173582,31661.90166549896,36206.676542999165,34088.47458813106,48816.28623378525,38298.79987281561,12662.719465375314,15284.240377201331,46502.154747639695,24963.900874390463,32345.802471322026,25414.828542513747,50301.61408773647,13945.426270147704,31564.08821425234,32358.925106439518,48119.8829123744,33394.28285372479,31398.799240423148,37671.736615634705,41788.00955933476,45748.940349292636,24919.3757849664
6149,17811.40435611378,46051.257073495304,18464.33707326516,19516.903048510998,47208.878424669114,26197.241559714304,32504.551936120657,32306.263791020207,20703.62269102425,18783.24173868919,6142.630725671233,43987.259306045285,24835.65401934233,29087.103272052274,24675.459524254413,25439.36555396023,0.0,47699.48415210165,72358.95690883229,60210.633592334,3446.414557401762,17543.66689188742,16343.845333214213,12420.98529063003,19046.644582414337,25125.077048245905,7847.680792561125,740.177603207537,16217.738576343309,44772.05420526245,15483.44025244157,33935.24783439972,23960.3898012293,13938.313854974012,29500.62931558427,19838.986893423396,59815.05445587176,8063.387106855878,16715.86525611781,14994.380000577845,30272.534301386087,13921.607232283695,11350.112136456479,18577.841673458304,28090.803126024013,9033.796835883179,13851.906091166435,12815.840183078757,28850.70917482105,59061.8400575247,6314.528135485909
3573,64740.992351712826,38029.31416427949,66925.46035665223,29547.662250178364,28658.242590142225,67392.66488240683,76046.66827184267,80037.14289538369,59527.04397524232,28317.19378404992,44700.20046826023,45677.330272519124,57269.36686172118,64705.7056830768,63369.80644912106,23571.461704479574,47699.484152101635,0.0,33296.78238087583,37011.720886950214,50379.486662981675,30247.44987310344,62577.95958777585,49605.3617455614,63282.396278150605,24240.266454684584,41055.318297456004,46959.3065488941,37999.47834187732,44697.1460248603,57846.26391545803,56199.02473149526,72421.51308461637,59629.17606022851,18516.30856368971,29719.21295438262,43557.254368183225,45247.76356178724,47803.10710441065,38570.01920821748,70796.29815776776,34229.28895754447,52132.69198886421,52853.60917647077,68614.56698240567,54724.65904113768,53038.386612882,54644.27463959383,64472.514559890005,44552.513013238844,47115.74903154681
1338,90194.72046908025,63153.24704074408,90847.65318623163,58530.53869532625,46477.660457967715,96029.67713972768,106689.82318991868,109020.01934053157,89421.5406372178,55303.23907105673,74065.88339863878,74322.80487968173,85906.37911904203,92463.00887139619,92006.81870644193,52182.77823311121,73079.09632113395,33296.782380875826,0.0,47208.07514368918,75759.09883201397,55627.06204213575,88727.1614461807,80344.23796359757,91429.96069538081,54446.66314835026,70884.80333144144,72338.91871792643,63330.52477570741,73342.6206320229,86829.14036060593,84530.28277700568,96343.70591419577,84960.22249405862,47499.18500883761,55050.259388212704,56692.64906613154,75986.63977982341,73134.15353824075,63901.06564204757,101439.45307584376,63212.16540269237,77463.7384226943,85287.19519796986,98802.43902405328,80055.70547496778,82021.26305802992,85199.15629604521,92229.81774820937,57687.90771118716,72446.7954653769
8065,72104.58494692753,32126.338961240373,75761.71135508487,44011.55092241162,18293.85625785562,64263.47479310493,74923.62084329591,80367.31432939926,57655.33829059507,53912.47783395655,59148.48464993562,42556.60253305899,54140.17677241928,60696.80652477344,60240.61635981916,46945.36149791856,60210.633592334016,37011.72088695022,47208.07514368917,0.0,65974.5423083565,56296.84741570548,70132.40683608866,62575.57980001748,66352.98719729029,50212.52785681307,53249.01401051604,59470.45598912648,69201.45222957397,41576.41828540016,59465.813064773814,52764.080430382935,80319.52011953392,81171.0918790374,40079.6262583902,62229.601875119886,22619.29169627113,57227.72826875097,75148.87546855983,67853.4503872693,69673.25072922099,46422.98467060451,71675.36891905063,53520.992851347095,67036.23667743051,76674.55423766622,61160.49221233286,69442.02033598814,60463.61540158664,25931.094514707882,65030.65648976468
6286,14435.47616418188,46734.68400624494,15088.408881333264,22963.31760591277,52972.78714069162,23801.082114366756,29128.623744188768,28930.33559908831,18303.51153422842,21463.244249569216,7977.339673809489,44670.68623879492,22435.542862546503,26686.992115256442,21954.356543590748,28119.368064840255,3446.414557401762,50379.48666298167,75038.95941971231,65974.54230835651,0.0,20223.669402767446,12967.917141282313,9406.851333326778,15670.716390482436,27805.07955912593,11294.095349962889,4186.5921606093,15521.02666941263,45455.48113801209,13087.280807094021,34618.67476714936,20584.461609297403,12405.729637403321,33009.9495629914,23482.46207232643,60498.481388621396,8746.814039605517,16019.15334918713,14297.668093647166,26896.606109454184,17296.969169136628,9640.30188215981,19261.268606207945,24714.874934092113,7501.212618312489,11599.325279648952,9439.911991146855,26450.59801802522,59745.26699027434,5617.816228555231
4360,34771.602126596925,40770.01793887856,35424.5348437483,15254.593294231334,43806.21887844931,41086.1412012612,49464.7497066038,49266.46156150334,33091.445934745265,2176.298087457636,18530.45396939226,41993.57183094471,37223.477263063345,41474.926515773295,37063.28276797543,11470.625231091693,17543.66689188742,30247.449873103444,54906.92262983408,56296.84741570547,20223.669402767446,0.0,33304.04310369735,24808.808534351054,34632.45166174947,7673.0427692477,15274.894071016213,16803.48928867988,13892.31995795794,41013.38758328588,31047.606637463476,37326.94184083828,40920.58757171244,30403.101210742803,22014.205383162232,5530.360768057223,55853.64066542661,20451.210350576905,21811.900480886197,14462.860824298103,46495.91713737724,14070.861676745353,23668.389552179524,30965.664917179332,43858.90308558677,25498.58419165197,26239.729334887452,29776.037953561896,41238.53241854207,55100.42626707955,17023.677122893583
8468,3715.178055591195,46474.09429390908,5899.646060530597,31279.550088694585,53669.27454537464,21405.74148762697,19630.532900972226,19741.57277828564,15882.824498449247,34543.61795049912,15397.56100198247,41744.06057103377,20014.855826767325,24266.305079477264,19533.669507811574,41199.74176577017,16343.845333214218,62577.95958777587,88007.022033879,70432.30677831662,12967.917141282316,33304.04310369735,0.0,10709.597432761142,2839.607604112424,40885.45326005584,23142.55393397158,17084.022936421752,26183.57642166117,42528.855470250935,12196.687187833986,31094.477936824835,11395.698788494736,10684.93648778137,44061.65102408615,34145.01182457497,60237.89167628554,15945.12409550948,21627.97705847499,24960.217845895702,13506.112589090424,24495.279225040587,14451.73829960129,17418.828304903975,15131.226161458531,9189.05378866019,10799.428561375116,5350.9567930212215,24029.91098224604,59484.67727793848,16280.365980803772
7865,12872.630196698112,39881.008386070345,15057.098201637515,22160.34365167091,45214.87425068636,18028.035778272308,28688.181828463305,28899.024919392563,10033.34051175639,26048.383381152824,6278.354564958797,36912.77334878968,14165.371840074471,18416.82109278442,14005.177344986554,29321.49905816462,12420.98529063003,49605.3617455614,79624.09855129593,58216.629418351244,9406.85133332678,24808.808534351054,10709.597432761142,0.0,11414.034123135883,32390.21869070954,14023.347496947903,11680.807687422492,23877.622890685197,37697.56824800684,6739.057816085524,25244.993950131982,20553.150929601656,17952.16213361962,31089.05318187168,27104.12853588703,53644.80576844679,6825.917658485806,24375.749570459695,22654.26431491973,23437.811714388383,15376.07278801691,18718.30900318956,10394.057323753175,20800.797662597914,13455.62449224846,2345.028266686827,6995.109645248428,18180.426995553196,52891.59137009973,13974.412449827794
8971,4811.785714951292,42694.67465511071,7960.696230563423,31983.986779069328,56626.369219020045,17626.321848828593,16066.925121064693,18471.093285945226,12103.404859650873,35872.02650855125,16101.997692357214,37964.6409322354,16235.436187968953,20486.885440678896,15754.2498690132,39145.14218556303,19046.644582414345,63282.39627815061,90709.82128307912,66652.88713951824,15670.716390482443,34632.45166174948,2839.6076041124243,11414.034123135883,0.0,42213.86181810796,23846.990624346323,19786.822185621884,28886.3756708613,38749.43583145257,8417.267549035612,27315.058298026463,11526.203602080095,13387.735736981496,44766.0877144609,36847.8110737751,56458.47203748717,16649.560785884223,24330.776307675114,27663.017095095835,10666.504984977997,25199.71591541533,17154.537548801414,13639.408666105603,12291.618557346104,11891.853037860317,11503.865251749858,8275.150655487605,20250.491343447673,55705.25763914011,18983.165230003902
4460,42353.0122829554,34685.698379986155,43005.94500010678,11712.388608485544,37721.89931955691,46457.683718794215,55459.18813088751,59449.662754428515,38939.56383428716,5642.0359012668,26111.864125750744,35909.2522720523,35371.77485924351,41928.40461159767,41472.2144466434,3797.582461843996,25125.077048245905,24240.266454684588,53726.52373604858,50212.52785681306,27805.07955912593,7673.042769247701,40885.45326005583,32390.218690709542,42213.861818107966,0.0,19623.64280226284,24384.89944503837,20628.63948654978,34929.06802439347,36113.880472075274,33995.67851720716,48501.99772807093,37984.51136710129,15929.88582426982,12127.682755765116,49769.3211065342,28032.62050693539,28548.22000947803,21199.180352889947,50208.81801681258,13852.630199223808,31249.799708538016,32266.129035515623,48027.0868414505,33079.99434801046,31306.003169499254,37357.448109920384,41695.21348841087,49016.10670818714,24605.087279252075
5812,25305.586697908548,36124.78733531394,26312.01786582629,12555.283466693028,40247.258842851144,30300.68016385804,39052.86282553406,43043.33744907505,22305.984897342125,16514.468917817987,7744.992931989106,38876.18561419966,24038.363848829715,28289.813101539654,26277.821730572286,19716.43887318674,7847.680792561124,41055.318297456004,70164.66391913976,53249.01401051603,11294.095349962887,15274.894071016215,23142.553933971576,14023.347496947901,23846.99062434632,19623.642802262842,0.0,7107.503189353587,17505.558837270262,39660.98051341683,20262.145600060332,29851.690675859674,31808.07059379043,21785.99464753514,22539.009733766303,17570.21407255219,51208.41006186198,9665.74931317375,21789.682026355717,17097.882531830124,33802.492711459134,8089.970243392002,18426.354908534584,18444.494055553794,31620.761536097067,16881.477628444303,15454.268297484306,19062.260390980344,28053.41900430843,50455.19566351492,11781.642479248641
6131,18551.58195932132,45311.07947028777,19204.5146764727,18776.725445303466,46468.70082146158,24843.70166955382,33244.7295393282,33046.44139422775,19963.445087816715,18043.064135481654,5402.453122463697,43247.08170283775,24095.476416134796,28346.92566884474,23935.281921046877,24699.187950752694,740.177603207537,46959.30654889411,71618.77930562476,59470.455989126465,4186.5921606093,16803.489288679884,17084.022936421752,11680.807687422492,19786.822185621873,24384.89944503837,7107.503189353589,0.0,16120.219882884432,44031.876602054916,14129.90036228108,33195.070231192185,24700.567404436842,14678.491458181548,28760.451712376733,19098.809290215857,59074.87685266422,7323.2095036483415,17456.042859325345,15734.557603785383,31012.711904593623,13181.429629076158,12090.289739664015,17837.66407025077,28830.980729231553,9773.974439090716,13111.728487958897,13556.017786286295,28110.531571613516,58321.662454317164,7054.705738693446
87107,27651.135444560736,53674.62275274706,28304.06816171212,28159.198108099834,56710.82369231781,38271.8536717252,42344.283024567616,42145.994879467165,32774.28309158683,15890.461348550913,20761.11873564631,54898.17664481321,36906.31441990491,41157.76367261486,36425.12810094916,24844.28767617358,16217.73857634331,38865.404865181976,62610.38536340574,69201.45222957397,15521.026669412631,13892.319957957941,26183.57642166117,23877.622890685197,28886.375670861296,20628.63948654978,17505.558837270266,16120.21988288443,0.0,53917.99239715438,27558.05236445244,47357.249513129944,33800.12088967626,23047.185873952076,34918.81019703072,9560.047298972242,68758.24547929512,22681.875116830946,10197.172728058984,1988.02902194106,40112.26538983304,25595.52908066227,15550.701802587788,33196.32968343338,37930.534214470965,18142.668854861244,26070.096837007368,22655.57127152571,40921.36957538364,68005.03108094804,10147.08462322327
11284,44501.03358108982,9262.735545765365,48158.15998924713,27130.69389161683,31537.31949121839,30496.905808897114,43937.98465374462,47053.55649214983,27503.19072901555,38629.01800153695,38629.42347959123,3343.197191809454,22679.332580184288,25419.550165043293,26480.62110557273,31661.90166549896,44772.054205262466,44697.146024860296,71656.11207872536,41563.8374117166,45455.4811380121,41013.387583285876,42528.85547025094,37693.89286641998,38749.43583145257,34929.06802439347,39660.98051341683,44031.87660205493,53917.99239715437,0.0,31862.261698936087,13949.397825759886,46683.55599089705,53567.540513199616,26180.837461170588,46946.14204270028,22143.71699973664,36708.66709840658,60424.37937514502,52569.99055484969,36101.03682526277,31029.711293774235,54333.68738276956,28371.297993264878,33674.61529517367,49071.00287182847,36278.80527873536,41838.46897015039,25186.359041856485,21390.50260138957,50023.042254513115
9016,14450.416852757155,35807.50052259423,16634.884857696557,29045.521136505464,49739.195086503554,10713.801307272737,21373.947357463734,24263.106203842446,5216.230727134395,32287.181484265253,12517.152668071223,31077.46679971892,9348.262055452476,13599.711308162425,8867.075736496725,36206.676542999165,15483.44025244157,57846.26391545804,86829.14036060595,59765.71300700176,13087.280807094021,31047.606637463483,12196.687187833984,6739.057816085525,8417.26754903561,36113.88047207527,20262.145600060332,14129.900362281078,27558.052364452436,31862.261698936087,0.0,20427.884165509982,16435.44609237283,22044.265381649057,39329.95535176832,33342.92663899946,49571.297904970685,12309.958747824454,28056.179044226938,26334.69378868697,16123.577243388812,21729.359805864373,22810.412251219,6752.234533589125,13486.563191598345,17547.7277402779,4807.877302576023,10315.193838599824,13363.317210931202,48818.083506623625,17654.84192359504
82562,33066.6560476637,20764.614252400333,36723.78245582102,26927.319181637347,43039.19819785337,15460.272839881576,32503.607120318517,35619.17895872372,16068.81319558945,34942.57225908934,27792.617108728493,13164.602926542724,11244.955046758187,10037.871914537141,11593.737055356885,34088.47458813106,33935.24783439972,56199.02473149527,83157.99078536034,53065.71611835158,34618.674767149365,37326.94184083827,31094.477936824835,25244.99395013198,27315.05829802646,33995.678517207154,29851.69067585967,33195.070231192185,47357.24951312992,13949.397825759888,20427.884165509982,0.0,35249.17845747096,42133.162979773515,37682.716167805556,42937.85865380061,33645.595706371605,25871.860727543848,49587.57300428228,46949.57320768978,24666.65929183667,21220.421456217075,42899.30984934346,16482.551687883664,22240.23776174757,37636.625338402366,23829.906362447367,30404.09143672429,8612.825682047807,32892.38130802454,39186.23588365038
9620,8561.003514053085,50712.853198447934,5496.05272796414,41123.103585535086,63512.82804221516,23945.495211841386,9966.08915971813,9318.614044028502,19449.74699994921,42160.16241851423,25241.11449882298,45898.76109167988,25444.12052887248,28421.005600123382,22901.370174246214,48816.286233785264,23960.389801229307,72421.51308461638,95623.56650189409,74671.06568285546,20584.461609297403,40920.58757171246,11395.698788494736,20553.150929601656,11526.203602080097,48501.997728070935,31808.070593790435,24700.567404436846,33800.12088967626,46683.555990897046,16435.44609237283,35249.17845747095,0.0,14488.723408758407,53905.204520926665,41761.55629259007,63416.28248380688,25788.677592349988,29244.521526490076,32576.76231391079,16232.135595349377,34338.83272188109,22068.282767616376,21657.587209442823,18858.442927949967,16805.59825667528,20642.982058215624,15321.58283072887,28184.61150289216,62663.06808545982,23896.91044881886
6615,9576.539126535572,57512.77933685776,10385.552336033712,33455.21690348501,63426.155838203515,32444.426530575656,23039.94893451169,22392.473818822058,26921.50954139793,31642.67605754457,20080.944580645246,52782.74561398246,31053.540869716013,35304.99012242596,30572.35455076027,38298.799872815616,13938.31385497401,60495.10258353314,84240.08308175692,81470.99182126528,12405.72963740332,30403.1012107428,10684.93648778137,17952.16213361962,13387.735736981493,37984.51136710129,21785.994647535135,14678.491458181546,23047.185873952076,53567.54051319962,22044.265381649053,42133.16297977352,14488.72340875841,0.0,43438.94317055828,31244.06993162042,71276.57671923422,20938.16087559463,15093.651805714684,21823.827298186607,24054.240721959493,27859.921087257706,7917.413046840979,28457.513347852662,25679.3542943276,7686.606064230965,20556.30985420398,12062.353996804084,35068.59602519474,70523.36232088714,13874.834502563563
4834,46224.68378802314,26074.909562623187,48409.15179296253,13301.546645661881,27588.997721134037,48876.356318717124,57530.35970815296,61520.834331693964,41010.7354115526,19629.835801413305,26183.891904570526,27161.021708829416,38753.05829803148,46189.3971193871,44853.49788543136,12662.719465375314,29500.629315584272,18516.30856368971,47499.18500883761,40079.6262583902,33009.949562991394,22014.205383162232,44061.65102408616,31089.053181871685,44766.087714460904,15929.88582426982,22539.0097337663,28760.451712376736,34918.810197030725,26180.837461170588,39329.95535176833,37682.716167805556,53905.20452092668,43438.94317055828,0.0,27946.959842576645,41021.09054331133,26731.454998097535,40866.233436016555,33570.80835472604,52279.98959407802,15712.980393854774,41412.80579069499,34337.300612781066,50098.25841871595,38534.42615146746,34522.07804919231,36127.966075904114,45956.205996200304,40267.87614496426,34768.09336140905
3986,35612.57084747454,46702.772398292975,36265.50356462592,20865.51010719368,49738.97333786373,43381.46120279717,50305.71842748142,50107.43028238096,35386.76593628124,7706.658855514859,20825.773970928232,47926.326290359124,39518.797264599314,43770.24651730926,39358.6027695114,15284.240377201328,19838.986893423393,30585.13947768726,54330.119975911024,62229.60187511989,23482.462072326434,5530.360768057223,34145.01182457497,27104.128535887026,36847.811073775105,12127.682755765116,17570.21407255219,19098.809290215857,9560.047298972244,46946.142042700296,33342.926638999445,42937.85865380062,41761.55629259007,31244.069931620426,27946.95984257664,0.0,61786.39512484102,22746.530352112874,19363.676061505583,10130.588165312407,48073.70079274683,19601.222444802577,24509.358273057143,33260.98491871531,46154.22308712275,26339.55291252959,28535.049336423424,30617.00667443951,43533.85242007803,61033.18072649396,17864.645843771203
11436,62063.15109547081,15838.20642669278,65720.27750362812,41970.946973757564,14899.011778041,47229.63230180698,60670.71114665447,63786.28298505969,44235.9172219254,53469.27108367769,54575.2995725946,23123.90124739547,39412.05907309414,42152.27665795315,43213.34759848258,46502.15474763969,60717.93029826584,43557.25436818322,56692.64906613154,22619.29169627113,61401.35723101548,55853.64066542662,60090.97298463193,52534.14594856073,56311.553345833556,49769.321106534204,51208.410061861985,59977.752695058305,68758.24547929512,22143.716999736644,49424.37921331707,33645.59570637162,63416.2824838069,71129.65802758062,41021.09054331132,61786.395124841016,0.0,52654.54319140996,76370.25546814839,67410.24363699045,52833.76331817262,44707.357308318,71895.80489715056,43479.55899989034,50407.34178808352,66633.12038620946,51119.05836087611,59400.58648453138,41919.08553476635,3068.8919989202077,65968.91834751649
7038,18108.15685944645,37987.86996663942,20292.624864385853,17802.74546789676,44225.97310108609,22348.49331162216,31122.82333658269,35113.297960123695,14353.798045106249,21690.78519737867,1920.7563811846446,35923.87219918941,16108.324359878343,20359.773612588288,18325.63487833641,24963.900874390474,8063.387106855878,45247.763561787244,75266.50036752179,57227.72826875099,8746.814039605517,20451.2103505769,15945.124095509482,6825.917658485806,16649.56078588422,28032.62050693539,9665.749313173752,7323.2095036483415,22681.875116830954,36708.66709840658,12309.958747824452,25871.86072754384,25788.67759234999,20938.160875594636,26731.45499809753,22746.53035211288,51751.66734901587,0.0,23715.71227673843,22274.198811390805,25872.453222507767,11018.47460424276,18349.959157077104,10514.454566602428,23690.7220471457,16033.643856503802,7502.081445248431,11864.830552518246,20123.379515357065,50998.45295066881,13314.375156106531
4518,23095.536081374557,61703.58224337786,23748.468798525937,34106.62134708566,62658.24693130364,40386.81215901931,37788.68366138144,37590.395516280994,34863.89516984158,23810.041871479163,22858.49598178904,59639.58447592785,38995.92649815966,43247.3757508696,38514.74017920391,32345.802471322022,16715.86525611781,48669.03362771531,72414.0141259391,75148.87546855981,16019.15334918713,21811.900480886194,21627.977058474993,24375.749570459695,24330.776307675118,28548.220009478027,21789.682026355717,17456.042859325345,10197.172728058984,60424.379375145014,28056.179044226934,49587.573004282276,29244.52152649008,15093.651805714682,40866.233436016555,19363.676061505583,75467.37962575431,23715.712276738428,0.0,8766.867599090969,34997.28129265312,29879.65226974772,8951.031833290866,34230.16684334086,36700.08796210823,15628.99169267461,26568.22351678186,20004.739625247727,43010.98165363837,74714.16522740724,10645.21130299777
4239,26427.776868795278,52326.620910442376,27080.709585946657,26811.19626579515,55362.821850013126,37048.495095959726,41120.92444880215,40922.6363037017,31550.924515821367,16461.00221489108,20353.442430206167,55974.06814602978,35682.95584413945,39934.4050968494,35201.76952518369,25414.828542513744,14994.380000577845,39435.94573152214,63180.9262297459,67853.4503872693,14297.668093647166,14462.860824298106,24960.217845895713,22654.264314919736,27663.017095095838,21199.180352889944,17097.88253183012,15734.55760378538,1988.02902194106,52569.9905548497,26334.693788686975,46949.57320768979,32576.7623139108,21823.82729818661,33570.80835472605,10130.588165312407,67410.24363699043,22274.19881139081,8766.86759909097,0.0,38888.906814067566,25187.852775222123,14327.343226822324,32788.65337799324,36707.1756387055,16919.31027909578,24846.738261241902,21432.21269576025,39698.01099961817,66657.02923864336,8923.726047457805
11600,15724.154642677271,39952.78186420134,17604.32511920928,43242.43137738043,59734.45330328095,8269.787659447873,9464.661016615439,13498.525506410031,13404.471202631988,47735.49198417903,27965.463167985006,35316.2419260456,17448.179077645123,13744.307259577845,11855.394285868842,50403.58678387414,30272.53430138609,70898.27085390541,99881.14729905332,69760.97122377915,26896.606109454187,46495.91713737726,13506.11258909042,23437.81171438838,10666.504984977999,50310.79071295024,35710.45609997411,31012.71190459363,40112.265389833046,36101.03682526277,16123.57724338881,24666.659291836666,16232.135595349378,24054.24072195949,52381.9622902157,48073.70079274685,52833.763318172605,26295.015001698135,34997.28129265311,38888.90681406757,0.0,34875.29856434452,27821.042533779408,18688.328048222993,3325.1824941714785,22558.35802283831,20931.454545964833,19210.36196597743,13977.49838276465,52080.548919825545,30209.054948975645
6478,26658.31198897756,32308.914162007073,28842.77999391696,6784.270863653998,33421.22950293963,30953.28029679355,39703.1068992291,43693.58152277009,22958.585030277634,14799.523941105992,10470.91151071575,30244.916394557073,22596.517798253426,28940.057175234684,26930.421863507796,13945.426270147702,13921.607232283695,34229.288957544486,64393.65131610072,46422.984670604514,17296.969169136628,14070.861676745353,24495.279225040584,15376.072788016909,25199.71591541533,13852.630199223804,8089.970243392001,13181.429629076158,25595.529080662272,31029.71129377424,21729.35980586437,21220.421456217082,34338.832721881095,27859.92108725771,15712.980393854774,19601.22244480258,44707.357308317994,11018.47460424276,29879.65226974772,25187.852775222123,34452.736785154164,0.0,26516.325151926587,19094.738129248824,32271.005609792097,22955.404068166878,16921.482503288345,20414.98568204935,28703.66307800346,43954.142909970935,19871.612722640646
5624,15919.297322500854,58278.9262064277,16572.230039652237,30981.63837522761,58673.61375138572,33210.57340014559,30612.444902507737,30414.156757407283,27687.656410967873,24907.964398981294,17492.742862127714,53548.892483552394,31819.687739285953,36071.1369919959,31338.50142033021,31564.088214252333,11350.11213645648,52998.61851216886,76743.59901039265,71675.36891905061,9640.30188215981,23668.389552179524,14451.738299601286,18718.30900318956,17154.53754880141,31249.79970853801,18426.35490853458,12090.289739664016,15550.70180258779,54333.68738276956,22810.412251218997,42899.30984934346,22068.282767616376,7917.41304684098,41412.805790695,24509.35827305714,72042.72358880416,18349.9591570771,8951.031833290866,14327.343226822326,27821.04253377941,26516.325151926583,0.0,29223.660217422603,29523.84920323453,6753.853831968057,21322.456723773925,12828.500866374026,35834.74289476468,71289.50919045709,7281.884185176636
9517,19391.006415742842,29650.500861497723,23048.132823900163,25197.769699945813,43582.19542540706,13278.55211210692,23938.69816229791,28439.31625273634,5283.856845591003,32212.73575641664,12442.70694022261,27586.503094047715,7656.362954709816,11483.272254155998,9255.693678821166,32358.92510643952,18585.337665893843,52853.60917647078,85375.8327134976,53608.713345905264,19268.76459864348,30973.16090961487,17418.828304903975,10401.553316188712,13639.408666105599,32266.129035515623,18451.990047989333,17845.160062686307,33203.825675868924,28371.29799326488,6752.234533589125,16482.551687883668,21657.587209442816,28457.51334785267,34337.30061278107,33268.48091115085,43414.29824387419,10521.950559037965,34237.6628357764,32796.14937042877,18688.328048222993,19102.234121684363,29223.66021742261,0.0,16051.313996432527,23960.975706481513,8986.465728504103,16728.44180480343,11246.878156924775,42661.08384552713,23836.325715144496
86921,17349.268215045377,37526.360334112236,20230.63245180986,41060.700202018365,57097.439251490476,4944.605165276396,12956.969046528919,16990.83353632351,10767.457150841523,45098.47793238856,25328.44911619454,32889.8203959565,14959.746650101062,10419.124765406368,9428.972755779745,48221.85560851207,28090.803126024013,68716.53967854334,97699.41612369125,67123.95717198869,24714.87493409211,43858.90308558679,15131.226161458526,20800.797662597914,12291.618557346104,48129.059537588175,33073.44204818364,28830.980729231553,37930.534214470965,33674.615295173666,13486.563191598343,22240.237761747565,18858.442927949964,25679.354294327597,50200.231114853625,46154.223087122766,50407.341788083504,24113.28382633606,36700.087962108235,36707.17563870549,3325.1824941714785,32693.567388982457,29523.849203234535,16051.313996432527,0.0,24261.164692293438,18294.440494174363,17028.630790615356,10652.315888593173,49654.127389736444,28027.323773613567
6410,10656.612811559758,53016.24169548661,11309.545528711142,28550.69988439418,58929.61819683236,27947.888889204496,25349.760391566644,25151.472246466186,22424.971900026772,26738.159038453738,15176.427561554412,48286.20797261129,26557.003228344856,30808.452481054795,26075.81690938911,33394.28285372478,9033.796835883179,55590.58556444231,79335.56606266611,76974.45417989414,7501.212618312488,25498.584191651968,9189.05378866019,13455.62449224846,11891.853037860314,33079.99434801045,16881.477628444303,9773.974439090714,18142.668854861244,49071.00287182846,17547.727740277904,37636.62533840236,16805.59825667528,7686.606064230965,38534.42615146744,26339.552912529587,66780.03907786308,16033.6438565038,15628.991692674612,16919.31027909578,22558.358022838314,22955.404068166874,6753.853831968057,23960.975706481506,24261.16469229343,0.0,16059.772212832833,7565.816355432931,30572.058383823573,66026.82467951601,8970.317483472732
8357,12962.461325312086,38465.92079838573,15146.929330251489,24237.64383392944,44129.7015704808,15521.678609848763,26181.824660039758,29070.98350641847,8618.252924071781,27479.30418168923,7709.2753654952,34479.488996656306,12750.284252389862,17001.73350509981,12590.089757301945,31398.799240423148,13851.906091166436,53038.38661288202,82021.26305802993,57131.45673814569,11599.325279648952,26239.72933488746,10799.428561375116,2345.0282666868275,11503.865251749858,31306.00316949925,15454.268297484308,13111.728487958899,26070.096837007368,35264.28389587347,4807.877302576024,23829.906362447367,20642.982058215624,20556.30985420398,34522.07804919231,28535.049336423435,52229.71818076218,7502.08144524843,26568.223516781865,24846.7382612419,20931.454545964836,16921.48250328835,21322.456723773925,8978.969736068564,18294.440494174367,16059.77221283283,0.0,8827.238311154753,16765.339407868585,51476.50378241512,16166.886396149966
7633,7641.062097825329,45783.70779380854,9825.530102764731,27199.256545703352,51697.08429515428,20715.35498752642,23556.41694320636,23667.456820519776,15192.437998348703,31015.612800363662,11317.267458991237,41053.67407093323,19324.469326666785,23575.918579376725,18843.283007711034,37671.736615634705,12815.840183078757,54644.274639593845,84479.01688374353,69741.92027821607,9439.911991146855,29776.037953561892,5350.9567930212215,6995.109645248428,8275.150655487607,37357.44810992038,19062.260390980344,13556.017786286293,22655.57127152571,41838.468970150396,10315.193838599822,30404.091436724295,15321.582830728868,12062.353996804084,36127.96607590413,30617.006674439508,59547.505176185,11864.830552518246,20004.739625247727,21432.21269576024,19210.36196597743,20414.985682049355,12828.500866374026,16728.441804803435,17028.63079061536,7565.81635543293,8827.238311154755,0.0,23339.5244821455,58794.29077783794,12752.360830668309
11754,26002.08909308492,29038.104080795056,29659.21550124224,34626.85415284104,50524.81797564659,5942.514461968748,23609.284935122094,27643.149424916683,9004.246241010665,42478.10726534385,22708.07844914982,24401.56414263932,6960.971995133482,233.19112318680374,4516.424404279167,41788.00955933475,28850.709174821048,64472.51455989001,92318.45526373714,60551.335896144796,26450.598018025223,41238.53241854208,24029.910982246052,18180.426995553196,20250.491343447677,41695.21348841085,28060.91499674397,28110.531571613512,40921.36957538365,25186.359041856485,13363.317210931202,8612.825682047807,28184.611502892167,35068.59602519475,45956.2059962003,43533.85242007806,41919.085534766324,20130.875507792603,43010.98165363839,39698.01099961818,13977.498382764652,28711.159070439,35834.74289476469,11246.878156924777,10652.315888593173,30572.05838382359,16765.33940786859,23339.52448214551,0.0,41165.871136419264,31018.15913452624
11730,61309.93669712374,15084.992028345714,64967.06310528105,41217.732575410504,15894.27042309662,46476.417903459915,59917.4967483074,63033.06858671262,43482.70282357834,52716.05668533062,53822.085174247535,22370.6868490484,38658.84467474707,41399.062259606086,42460.13320013551,45748.94034929263,59964.715899918774,44552.513013238844,57687.90771118716,24983.888279744333,60648.14283266841,55100.42626707955,59337.758586284865,51780.93155021367,55558.33894748649,49016.10670818714,50455.195663514925,59224.53829671124,68005.03108094804,21390.502601389573,48671.164814970005,32892.381308024545,62663.06808545983,70376.44362923356,40267.87614496426,61033.180726493956,3068.8919989202077,51901.328793062894,75617.04106980133,66657.02923864337,52080.54891982555,43954.14290997094,71142.5904988035,42726.34460154327,49654.12738973645,65879.9059878624,50365.84396252905,58647.37208618431,41165.871136419286,0.0,65215.70394916942
5376,17747.925003703338,51302.24512274595,18400.857720854718,24336.92594594167,52028.90132209979,28368.643230867776,32441.072583710215,32242.784438609768,22871.07265072943,18263.251969695357,12457.158861157144,49238.24735529594,27003.103979047515,31254.553231757454,26521.917660091767,24919.375784966396,6314.52813548591,47981.67555485145,71726.65605307523,65030.656489764675,5617.816228555231,17023.677122893587,16280.365980803766,13974.412449827794,18983.16523000389,24605.08727925207,11781.642479248641,7054.705738693447,10147.084623223267,50023.04225451311,17654.84192359504,39186.23588365038,23896.91044881886,13874.834502563564,34768.09336140906,17864.6458437712,65066.04250512241,13314.375156106531,10645.21130299777,8923.726047457803,30209.05494897564,19871.61272264065,7281.884185176636,23828.82972270896,28027.32377361357,8970.317483472732,16166.88639614997,12752.36083066831,31018.15913452623,64312.82810677535,0.0
